{"cameraMode":{"drawMode":0,"name":"Shaded","section":"Shading Mode"},"sceneLighting":true,"audioPlay":false,"sceneViewState":{"showFog":true,"showMaterialUpdate":false,"showSkybox":true,"showFlares":true,"showImageEffects":true,"showParticleSystems":true},"in2DMode":false,"pivot":{"x":145.9650115966797,"y":16.992843627929689,"z":138.65554809570313},"rotation":{"x":0.10279177874326706,"y":-0.8011500835418701,"z":0.14404630661010743,"w":0.5717018842697144},"size":2.8650240898132326,"orthographic":false}